currency,sellerRating,Duration,endDay,OpenPrice,Competitive
US,3249,5,Mon,0.01,0
US,3249,5,Mon,0.01,0
US,3249,5,Mon,0.01,0
US,3249,5,Mon,0.01,0
US,3249,5,Mon,0.01,0
US,3249,5,Mon,0.01,0
US,3249,5,Mon,0.01,0
US,3249,5,Mon,0.01,0
US,3249,5,Mon,0.01,0
US,3249,5,Mon,0.01,0
US,3249,5,Mon,0.01,0
US,3249,5,Mon,0.01,0
US,3249,5,Mon,0.01,0
US,3249,5,Mon,0.01,0
US,3249,5,Mon,0.01,0
US,3249,5,Mon,0.01,0
US,3115,7,Tue,0.01,0
US,3115,7,Tue,0.01,0
US,3115,7,Tue,0.01,0
US,3115,7,Tue,0.01,0
US,3115,7,Tue,0.01,1
US,3115,7,Tue,0.01,1
US,37727,7,Mon,0.01,0
US,3249,5,Mon,0.01,1
US,3249,5,Mon,0.01,1
US,34343,1,Fri,0.01,1
US,3249,5,Mon,0.01,1
US,3249,5,Mon,0.01,1
US,3249,5,Mon,0.01,1
US,3249,5,Mon,0.01,1
US,3249,5,Mon,0.01,1
US,3249,5,Mon,0.01,1
US,3249,5,Mon,0.01,1
US,3249,5,Mon,0.01,1
US,3249,5,Mon,0.01,1
US,3249,5,Mon,0.01,1
US,3249,5,Mon,0.01,1
US,3249,5,Mon,0.01,1
US,3249,5,Mon,0.01,1
US,3249,5,Mon,0.01,1
US,3249,5,Mon,0.01,1
US,3249,5,Mon,0.01,1
US,3249,5,Mon,0.01,1
US,3249,5,Mon,0.01,1
US,3249,5,Mon,0.01,1
US,3249,5,Mon,0.01,1
US,3249,5,Mon,0.01,1
US,3249,5,Mon,0.01,1
US,3249,5,Mon,0.01,1
US,3249,5,Mon,0.01,1
US,3249,5,Mon,0.01,1
US,3249,5,Mon,0.01,1
US,3249,5,Mon,0.01,1
US,3115,7,Tue,0.01,1
US,3249,5,Mon,0.01,1
US,3249,5,Mon,0.01,1
US,3249,5,Mon,0.01,1
US,3249,5,Mon,0.01,1
US,3249,5,Mon,0.01,1
US,3249,5,Mon,0.01,1
US,3249,5,Mon,0.01,1
US,3249,5,Mon,0.01,1
US,3249,5,Mon,0.01,1
US,3249,5,Mon,0.01,1
US,3249,5,Mon,0.01,1
US,3249,5,Mon,0.01,1
US,3249,5,Mon,0.01,1
US,3249,5,Mon,0.01,1
US,3249,5,Mon,0.01,1
US,3249,5,Mon,0.01,1
US,3249,5,Mon,0.01,1
US,3249,5,Mon,0.01,1
US,3249,5,Mon,0.01,1
US,3249,5,Mon,0.01,1
US,3249,5,Mon,0.01,1
US,3249,5,Mon,0.01,1
US,3249,5,Mon,0.01,1
US,3249,5,Mon,0.01,1
US,3249,5,Mon,0.01,1
US,3249,5,Mon,0.01,1
US,3249,5,Mon,0.01,1
US,3249,5,Mon,0.01,1
US,3249,5,Mon,0.01,1
US,37727,7,Mon,0.01,1
US,3249,5,Mon,0.01,1
US,3249,5,Mon,0.01,1
US,3249,5,Mon,0.01,1
US,3249,5,Mon,0.01,1
US,3249,5,Mon,0.01,1
US,3249,5,Mon,0.01,1
US,3249,5,Mon,0.01,1
US,3249,5,Mon,0.01,1
US,3249,5,Mon,0.01,1
US,3249,5,Mon,0.01,1
US,3249,5,Mon,0.01,1
US,3249,5,Mon,0.01,1
US,3249,5,Mon,0.01,1
US,3249,5,Mon,0.01,1
US,3249,5,Mon,0.01,1
US,3249,5,Mon,0.01,1
US,3249,5,Mon,0.01,1
US,3249,5,Mon,0.01,1
US,3249,5,Mon,0.01,1
US,3249,5,Mon,0.01,1
US,3249,5,Mon,0.01,1
US,3249,5,Mon,0.01,1
GBP,29,7,Thu,0.02,1
US,3249,5,Mon,0.01,1
US,3249,5,Mon,0.01,1
US,3249,5,Mon,0.01,1
US,3249,5,Mon,0.01,1
US,3249,5,Mon,0.01,1
US,3249,5,Mon,0.01,1
US,3249,5,Mon,0.01,1
US,3249,5,Mon,0.01,1
US,3249,5,Mon,0.01,1
US,3249,5,Mon,0.01,1
US,3249,5,Mon,0.01,1
US,3249,5,Mon,0.01,1
US,3249,5,Mon,0.01,1
US,3249,5,Mon,0.01,1
US,3249,5,Mon,0.01,1
US,3249,5,Mon,0.01,1
US,3249,5,Mon,0.01,1
US,3249,5,Mon,0.01,1
US,3249,5,Mon,0.01,1
US,3249,5,Mon,0.01,1
US,3249,5,Mon,0.01,1
US,3249,5,Mon,0.01,1
US,3249,5,Mon,0.01,1
US,3249,5,Mon,0.01,1
US,3249,5,Mon,0.01,1
US,3249,5,Mon,0.01,1
US,352,7,Sat,0.01,1
US,3249,5,Mon,0.01,1
US,3249,5,Mon,0.01,1
US,3249,5,Mon,0.01,1
GBP,2991,7,Thu,0.53,1
US,3249,5,Mon,0.01,1
US,3249,5,Mon,0.01,1
US,1,5,Tue,0.01,1
US,1,5,Fri,0.01,1
US,1,5,Fri,0.01,1
US,5450,3,Sun,0.01,1
US,1,5,Tue,0.01,1
US,3249,5,Mon,0.01,1
GBP,1029,7,Thu,1.07,0
GBP,1029,7,Thu,1.07,0
GBP,2991,7,Thu,0.53,1
GBP,2991,7,Thu,0.54,1
US,1,5,Fri,0.01,1
US,1,5,Tue,0.01,1
US,30,7,Mon,0.7,0
GBP,1029,7,Thu,1.25,0
GBP,1029,7,Thu,1.25,0
GBP,1029,7,Thu,1.25,0
GBP,1029,7,Thu,1.25,1
GBP,70,7,Thu,0.89,1
US,1,5,Tue,0.01,1
US,1,5,Tue,0.01,1
US,4,5,Sat,0.01,1
GBP,2991,7,Thu,0.54,1
GBP,1029,7,Thu,1.25,1
GBP,2991,7,Thu,0.54,1
US,411,3,Sat,0.99,1
US,793,3,Sat,0.99,1
US,3277,3,Sun,0.99,0
US,3277,3,Sun,0.99,0
US,3277,3,Sun,0.99,0
US,841,5,Mon,0.99,0
US,841,5,Mon,0.99,0
US,841,5,Mon,0.99,0
US,841,5,Mon,0.99,0
US,841,5,Mon,0.99,1
US,2220,5,Mon,0.99,0
US,109,7,Fri,0.99,0
GBP,149,7,Thu,1.77,0
GBP,149,7,Thu,1.77,0
GBP,215,7,Thu,1.77,0
US,2695,7,Fri,0.99,0
US,2695,7,Sat,0.99,0
US,2695,7,Sat,0.99,0
US,2695,7,Sat,0.99,0
US,2695,7,Sat,0.99,0
GBP,2991,7,Thu,1.77,0
GBP,2991,7,Thu,1.77,0
GBP,2991,7,Thu,1.77,0
GBP,2991,7,Thu,1.77,0
GBP,3380,7,Thu,1.77,0
GBP,3380,7,Thu,1.77,1
US,3385,7,Sat,0.99,0
US,4790,7,Tue,0.99,0
US,743,3,Sat,1,1
EUR,9,5,Sun,1.23,0
US,113,5,Sun,1,0
EUR,158,5,Mon,1.23,0
EUR,410,5,Mon,1.23,0
EUR,666,5,Thu,1.23,0
EUR,865,5,Fri,1.23,0
EUR,865,5,Sat,1.23,0
EUR,1301,5,Fri,1.23,0
EUR,27,7,Sun,1.23,0
EUR,27,7,Sun,1.23,0
EUR,29,7,Fri,1.23,0
EUR,41,7,Thu,1.23,0
EUR,104,7,Mon,1.23,0
EUR,104,7,Mon,1.23,0
EUR,858,7,Mon,1.23,0
US,1317,7,Mon,1,1
EUR,1515,7,Mon,1.23,0
EUR,1550,7,Mon,1.23,0
EUR,1550,7,Mon,1.23,0
EUR,1550,7,Mon,1.23,0
EUR,1550,7,Wed,1.23,0
EUR,1550,7,Sat,1.23,0
EUR,2162,7,Thu,1.23,0
EUR,2162,7,Thu,1.23,1
GBP,5292,7,Thu,1.78,0
GBP,5292,7,Thu,1.78,0
EUR,23,10,Wed,1.23,0
EUR,54,10,Tue,1.23,0
EUR,89,10,Wed,1.23,0
EUR,100,10,Fri,1.23,0
EUR,165,10,Wed,1.23,0
EUR,279,10,Tue,1.23,0
EUR,684,10,Wed,1.23,0
EUR,865,10,Wed,1.23,0
EUR,865,10,Wed,1.23,0
EUR,865,10,Wed,1.23,0
EUR,865,10,Wed,1.23,0
EUR,1075,10,Thu,1.23,0
EUR,1386,10,Sat,1.23,0
EUR,1645,10,Sun,1.23,0
EUR,1645,10,Sun,1.23,0
EUR,1853,10,Tue,1.23,0
EUR,1853,10,Tue,1.23,0
EUR,1853,10,Tue,1.23,0
EUR,2163,10,Fri,1.23,0
EUR,2404,10,Sat,1.23,0
EUR,2638,10,Mon,1.23,0
EUR,2638,10,Tue,1.23,0
EUR,2638,10,Tue,1.23,0
EUR,2638,10,Tue,1.23,0
EUR,3057,10,Mon,1.23,0
EUR,3375,10,Thu,1.23,0
EUR,3375,10,Thu,1.23,0
EUR,5701,10,Mon,1.23,0
EUR,5701,10,Sun,1.23,0
EUR,5701,10,Sun,1.23,0
EUR,5701,10,Sun,1.23,0
EUR,5701,10,Sun,1.23,0
EUR,5701,10,Tue,1.23,0
EUR,5701,10,Wed,1.23,0
EUR,5701,10,Sun,1.23,1
EUR,5701,10,Mon,1.23,1
GBP,2991,7,Thu,1.77,1
GBP,2991,7,Thu,0.54,1
US,533,7,Mon,0.01,1
US,1,5,Tue,0.01,1
US,1386,3,Sat,0.25,1
GBP,53,7,Thu,1.77,1
US,2695,7,Sat,0.99,1
US,1124,7,Tue,1,1
GBP,1029,7,Thu,1.43,1
GBP,2991,7,Thu,0.54,1
GBP,53,7,Thu,1.77,1
GBP,2991,7,Thu,1.77,1
US,3277,3,Sun,0.99,1
EUR,1550,7,Fri,1.23,1
EUR,1550,7,Fri,1.23,1
EUR,1550,7,Fri,1.23,1
EUR,1550,7,Sat,1.23,1
EUR,1550,7,Mon,1.23,1
EUR,743,10,Fri,1.23,1
EUR,2163,10,Tue,1.23,1
EUR,5701,10,Mon,1.23,1
GBP,3380,7,Thu,2.23,0
GBP,53,7,Thu,1.77,1
GBP,2991,7,Thu,0.54,1
GBP,53,7,Thu,1.77,1
GBP,53,7,Thu,1.76,1
GBP,215,7,Thu,1.76,1
EUR,1033,10,Fri,1.23,1
GBP,53,7,Thu,1.77,1
GBP,53,7,Thu,1.77,1
US,1,5,Fri,0.01,1
EUR,1553,10,Tue,1.71,0
GBP,2991,7,Thu,0.54,1
EUR,1550,7,Sat,1.23,1
EUR,1550,7,Wed,1.23,1
EUR,1550,7,Wed,1.23,1
EUR,2638,10,Tue,1.23,1
GBP,53,7,Thu,1.77,1
GBP,1148,3,Thu,1.77,1
GBP,1148,3,Thu,1.77,1
US,841,5,Mon,0.99,1
GBP,118,7,Thu,1.77,1
GBP,53,7,Thu,1.76,1
EUR,104,7,Mon,1.83,0
GBP,201,7,Thu,2.66,0
US,945,7,Sun,1.49,0
GBP,2731,7,Thu,2.66,0
EUR,1553,10,Tue,1.83,0
GBP,3380,7,Thu,2.68,0
EUR,300,10,Wed,1.84,0
EUR,300,10,Wed,1.84,0
EUR,300,10,Wed,1.84,0
GBP,53,7,Thu,1.77,1
GBP,53,7,Thu,1.77,1
EUR,1301,5,Fri,1.23,1
EUR,104,7,Mon,1.23,1
EUR,765,7,Sun,1.23,1
EUR,1386,10,Sat,1.23,1
EUR,15,10,Sun,1.23,1
GBP,429,3,Thu,2.66,1
GBP,53,7,Thu,1.77,1
GBP,77,7,Thu,1.77,1
US,841,5,Mon,0.99,1
GBP,53,7,Thu,1.77,1
GBP,2731,7,Thu,2.66,1
EUR,1553,10,Tue,1.83,1
EUR,221,7,Wed,1.23,1
EUR,41,10,Sun,1.23,1
EUR,41,10,Sun,1.23,1
EUR,268,10,Sun,1.85,1
EUR,5701,10,Fri,1.23,1
EUR,3057,10,Mon,1.23,1
US,841,5,Mon,0.99,1
GBP,53,7,Thu,1.77,1
GBP,53,7,Thu,1.77,1
US,743,3,Sat,1,1
GBP,2991,7,Thu,0.54,1
EUR,170,7,Fri,1.23,1
EUR,1661,7,Wed,1.23,1
EUR,104,10,Fri,1.23,1
GBP,1954,7,Thu,1.77,1
GBP,293,10,Thu,1.77,1
GBP,1148,3,Thu,1.77,1
US,2378,3,Sun,0.01,1
US,841,5,Mon,0.99,1
US,5564,7,Mon,0.99,1
EUR,72,1,Thu,2.45,0
EUR,72,1,Fri,2.45,0
EUR,105,3,Sun,2.45,0
EUR,681,3,Sat,2.45,0
US,3114,3,Sat,1.99,0
EUR,24,7,Sat,2.45,0
EUR,70,7,Fri,2.45,0
EUR,70,7,Sat,2.45,0
EUR,70,7,Mon,2.45,0
EUR,70,7,Wed,2.45,0
EUR,104,7,Thu,2.45,0
EUR,105,7,Thu,2.45,0
EUR,205,7,Fri,2.45,0
EUR,205,7,Fri,2.45,0
EUR,205,7,Fri,2.45,0
EUR,205,7,Fri,2.45,0
US,212,7,Fri,1.99,0
GBP,2731,7,Thu,3.55,0
GBP,3380,7,Thu,3.55,0
GBP,3380,7,Thu,3.55,0
US,3385,7,Sat,1.99,0
US,3385,7,Sat,1.99,0
US,3385,7,Sat,1.99,0
US,3385,7,Sat,1.99,0
US,3385,7,Sat,1.99,0
US,3385,7,Sat,1.99,0
US,3385,7,Sat,1.99,0
US,3385,7,Sat,1.99,0
EUR,5350,7,Sat,2.45,0
EUR,5350,7,Mon,2.45,0
US,9003,7,Mon,1.99,0
EUR,18,10,Sun,2.45,0
EUR,18,10,Sun,2.45,0
EUR,18,10,Sun,2.45,1
EUR,300,10,Wed,2.45,0
EUR,578,10,Sun,2.45,0
EUR,578,10,Sun,2.45,0
EUR,578,10,Mon,2.45,0
EUR,578,10,Mon,2.45,0
EUR,578,10,Mon,2.45,0
EUR,578,10,Mon,2.45,0
EUR,884,10,Mon,2.45,1
EUR,884,10,Mon,2.45,1
EUR,1545,10,Mon,2.45,0
EUR,1545,10,Mon,2.45,0
EUR,1545,10,Thu,2.45,0
EUR,2382,10,Sun,2.45,0
EUR,2507,10,Sun,2.45,0
EUR,2507,10,Sun,2.45,0
EUR,4366,10,Mon,2.45,0
EUR,5701,10,Mon,2.45,0
EUR,5701,10,Fri,2.45,0
EUR,5701,10,Mon,2.45,0
EUR,5701,10,Sun,2.45,0
EUR,5701,10,Sun,2.45,0
EUR,5827,10,Wed,2.45,0
EUR,5827,10,Wed,2.45,0
EUR,5827,10,Wed,2.45,0
US,3277,3,Sun,2,1
EUR,1301,5,Fri,1.23,1
US,52,7,Fri,2,0
EUR,130,7,Sun,2.46,0
GBP,376,7,Thu,3.57,0
US,2695,7,Fri,2,0
US,2695,7,Sat,2,0
US,2695,7,Sat,2,0
US,2695,7,Sat,2,0
US,2696,7,Mon,2,0
US,4390,7,Mon,2,0
GBP,53,7,Thu,1.77,1
GBP,107,10,Thu,1.77,1
GBP,53,7,Thu,1.77,1
US,841,5,Mon,0.99,1
US,841,5,Mon,0.99,1
US,2162,5,Sun,1.99,1
US,3385,7,Sat,1.99,1
US,3385,7,Sat,1.99,1
EUR,54,5,Sat,1.23,1
EUR,1301,7,Sun,1.23,1
EUR,1301,7,Sun,1.23,1
GBP,17,7,Thu,1.77,1
GBP,1842,10,Thu,1.77,1
US,2696,7,Mon,2,1
US,5703,10,Sun,0.5,1
EUR,2507,7,Fri,2.45,1
EUR,1545,10,Mon,2.45,1
EUR,5350,5,Fri,2.44,1
EUR,205,7,Fri,2.44,1
EUR,569,10,Thu,2.44,1
EUR,1545,10,Mon,2.44,1
US,1124,3,Sun,2,1
EUR,83,10,Fri,1.23,1
GBP,3380,7,Thu,3.55,1
US,841,5,Mon,0.99,1
US,841,5,Mon,0.99,1
US,841,5,Mon,0.99,1
GBP,17,7,Thu,1.77,1
GBP,1768,7,Thu,1.77,1
GBP,670,7,Thu,1.77,1
US,3385,7,Sat,1.99,1
US,2695,7,Sat,2,1
EUR,442,10,Wed,1.23,1
EUR,5701,10,Mon,1.23,1
GBP,88,7,Thu,1.78,1
US,3385,7,Sat,1.99,1
US,3277,3,Sun,2,1
EUR,526,10,Tue,1.23,1
US,841,5,Mon,0.99,1
EUR,1545,10,Wed,2.45,1
EUR,1545,10,Tue,2.45,1
EUR,5701,10,Wed,2.45,1
EUR,863,10,Fri,2.45,1
EUR,526,10,Thu,1.23,1
EUR,1545,10,Mon,2.45,1
EUR,920,3,Fri,1.23,1
GBP,105,7,Thu,4.44,0
GBP,105,7,Thu,4.44,0
US,3277,3,Sun,0.99,1
US,510,3,Sun,2.5,0
US,366,5,Mon,2.5,0
EUR,1402,7,Fri,3.07,0
EUR,300,10,Wed,2.44,1
GBP,118,7,Thu,1.77,1
EUR,548,10,Tue,1.23,1
EUR,526,10,Wed,1.23,1
EUR,526,10,Sat,1.23,1
EUR,433,5,Fri,2.45,1
GBP,118,7,Thu,1.77,1
GBP,105,7,Thu,4.44,1
US,3277,3,Sun,0.99,1
EUR,205,7,Fri,2.44,1
EUR,526,10,Mon,1.23,1
EUR,205,7,Fri,2.45,1
US,35,1,Fri,0.01,1
EUR,5701,10,Sun,2.45,1
GBP,17,7,Thu,1.77,1
GBP,105,7,Thu,4.45,1
US,1054,5,Mon,0.77,1
EUR,170,7,Fri,1.23,1
US,225,7,Mon,0.01,1
EUR,18,10,Sun,1.23,1
EUR,526,10,Fri,1.23,1
US,3385,7,Sat,2.75,0
US,3385,7,Sat,2.75,0
US,3385,7,Sat,2.75,0
US,3385,7,Sat,2.75,0
US,3385,7,Sat,2.75,0
US,3385,7,Sat,2.75,0
US,3385,7,Sat,2.75,0
US,3385,7,Sat,2.75,0
US,3385,7,Sat,2.75,0
US,3385,7,Sat,2.75,0
US,3385,7,Sat,2.75,0
US,3385,7,Sat,2.75,0
US,3385,7,Sat,2.75,0
US,3385,7,Sat,2.75,0
US,3385,7,Sat,2.75,0
US,3385,7,Sat,2.75,0
US,5564,7,Sat,2.79,0
US,841,5,Mon,0.99,1
GBP,118,7,Thu,1.77,1
GBP,105,7,Thu,4.44,1
EUR,578,10,Mon,2.45,1
EUR,113,7,Tue,1.23,1
GBP,293,10,Thu,4.46,1
EUR,638,10,Sun,1.23,1
US,2956,3,Fri,0.1,1
GBP,18,7,Thu,2.68,1
GBP,79,7,Thu,1.77,1
US,411,5,Mon,0.99,1
EUR,170,7,Thu,1.23,1
US,2378,1,Fri,0.01,1
US,119,10,Sat,0.01,1
GBP,232,3,Thu,5.34,0
US,638,3,Sat,2.99,0
EUR,315,7,Sat,3.68,0
GBP,3380,7,Thu,5.34,0
GBP,3380,7,Thu,5.34,0
GBP,3380,7,Thu,5.34,0
US,3385,7,Sat,2.99,0
US,3613,7,Sun,2.99,0
US,3613,7,Sun,2.99,1
US,4390,7,Fri,2.99,1
US,5564,7,Fri,2.99,0
US,5564,7,Fri,2.99,0
US,9003,7,Sun,2.99,0
US,9003,7,Mon,2.99,0
US,9003,7,Sun,2.99,0
US,9003,7,Mon,2.99,0
US,25433,7,Sat,2.99,0
EUR,842,10,Tue,1.23,1
EUR,1545,10,Tue,2.45,1
US,3277,3,Sun,3,0
US,3277,3,Sun,3,0
GBP,197,7,Thu,5.35,0
EUR,508,7,Sun,1.23,1
EUR,618,7,Mon,3.69,0
GBP,2189,7,Thu,5.35,0
US,2696,7,Mon,3,0
GBP,1842,10,Thu,5.35,0
GBP,1842,10,Thu,5.35,0
EUR,5701,10,Wed,1.23,1
EUR,3090,10,Tue,2.45,1
EUR,5827,10,Wed,2.45,1
GBP,2991,7,Thu,0.54,1
US,471,5,Mon,0.99,1
US,841,5,Mon,0.99,1
US,743,3,Sat,1,1
US,2695,7,Sat,3,1
GBP,1148,3,Thu,1.77,1
US,841,5,Mon,0.99,1
EUR,1545,10,Mon,2.45,1
EUR,1545,10,Mon,2.45,1
EUR,1545,10,Mon,2.45,1
EUR,508,7,Sun,1.23,1
GBP,1148,3,Thu,1.77,1
US,841,5,Mon,0.99,1
GBP,17,7,Thu,1.77,1
US,1054,5,Mon,0.77,1
US,193,5,Sat,0.99,1
US,841,5,Mon,0.99,1
EUR,508,7,Sun,1.23,1
EUR,1853,7,Fri,3.69,1
EUR,1853,7,Fri,3.69,1
US,4390,7,Fri,3.27,0
EUR,4366,7,Fri,2.45,1
EUR,5701,10,Tue,2.45,1
GBP,1180,7,Thu,3.57,1
US,3385,7,Sat,2.75,1
US,1265,7,Sat,3.35,0
US,1266,7,Sun,3.35,0
GBP,1148,3,Thu,1.77,1
US,390,5,Mon,0.99,1
US,2711,5,Sat,0.99,1
EUR,2168,7,Mon,1.23,1
EUR,1545,10,Tue,2.45,1
EUR,266,5,Sat,1.23,1
GBP,105,7,Thu,4.44,1
EUR,3090,10,Tue,2.45,1
EUR,269,10,Tue,1.23,1
EUR,1545,10,Mon,2.45,1
US,945,7,Sun,3.49,0
US,2349,10,Sun,0.6,1
EUR,5701,10,Tue,1.23,1
GBP,197,7,Thu,5.36,1
US,2459,7,Sat,2.99,1
US,1322,7,Tue,0.99,1
GBP,17,7,Thu,1.77,1
EUR,89,10,Wed,2.45,1
EUR,3090,10,Tue,2.45,1
US,2349,7,Fri,3.6,0
US,2349,7,Fri,3.6,0
US,2349,7,Fri,3.6,0
US,2349,7,Fri,3.6,0
US,2349,7,Fri,3.6,0
US,2349,7,Fri,3.6,0
US,2349,7,Fri,3.6,0
US,2349,7,Fri,3.6,0
US,2349,7,Sat,3.6,0
US,2349,7,Sun,3.6,0
US,2349,7,Sun,3.6,0
US,2349,7,Sun,3.6,0
US,2349,7,Mon,3.6,0
US,2349,7,Mon,3.6,0
US,2349,7,Tue,3.6,0
US,2349,7,Tue,3.6,0
US,2349,7,Fri,3.6,1
US,2349,7,Sat,3.6,1
GBP,1180,7,Thu,3.57,1
EUR,1545,10,Fri,2.45,1
EUR,170,7,Fri,1.23,1
EUR,1301,7,Sun,1.23,1
US,2349,7,Fri,3.6,1
US,2349,7,Fri,3.6,1
US,2349,7,Fri,3.6,1
US,2349,7,Sat,3.6,1
US,2349,7,Sun,3.6,1
US,2349,7,Sun,3.6,1
US,3385,7,Sat,3.75,0
US,3385,7,Sat,3.75,0
US,3385,7,Sat,3.75,0
GBP,105,7,Thu,4.44,1
EUR,2507,7,Fri,2.45,1
EUR,1545,10,Tue,2.45,1
EUR,5701,10,Wed,2.45,1
US,2220,5,Mon,0.99,1
EUR,37,3,Thu,1.23,1
EUR,915,5,Fri,1.23,1
US,2349,7,Mon,3.6,1
EUR,174,10,Fri,2.45,1
EUR,1545,10,Mon,2.45,1
EUR,1545,10,Mon,2.45,1
EUR,299,7,Thu,3.68,1
EUR,71,7,Thu,1.23,1
US,9003,5,Sat,3.89,0
US,9003,7,Mon,3.89,0
US,3385,7,Sat,2.75,1
EUR,578,10,Mon,2.45,1
US,2349,7,Mon,3.6,1
EUR,578,10,Mon,2.45,1
US,454,5,Mon,0.99,1
US,18,7,Mon,0.99,1
EUR,519,5,Mon,1.23,1
US,3385,7,Sat,2.75,1
US,2349,7,Fri,3.6,1
US,2349,7,Tue,3.6,1
US,2349,7,Tue,3.6,1
US,2349,7,Fri,3.6,1
EUR,1545,10,Mon,2.45,1
GBP,232,3,Thu,7.12,1
US,638,5,Mon,3.99,0
EUR,141,7,Fri,4.91,0
US,1155,7,Fri,3.99,0
US,1155,7,Sat,3.99,0
US,1155,7,Tue,3.99,0
US,1464,7,Sun,3.99,0
US,1809,7,Sun,3.99,0
US,3385,7,Sat,3.99,0
US,3385,7,Sat,3.99,0
US,3385,7,Sat,3.99,1
US,3613,7,Sun,3.99,0
US,3613,7,Sun,3.99,0
US,3613,7,Sun,3.99,0
US,3613,7,Sun,3.99,0
US,3613,7,Sun,3.99,0
US,3613,7,Sun,3.99,0
US,3613,7,Sun,3.99,1
US,4390,7,Mon,3.99,0
US,4390,7,Mon,3.99,0
US,4390,7,Mon,3.99,0
US,4390,7,Fri,3.99,0
US,9003,7,Sat,3.99,0
US,9003,7,Mon,3.99,0
US,9003,7,Mon,3.99,0
US,9003,7,Mon,3.99,0
US,9003,7,Sat,3.99,0
US,25433,7,Mon,3.99,0
US,25433,7,Mon,3.99,0
US,25433,7,Mon,3.99,0
US,25433,7,Mon,3.99,0
US,3277,3,Sun,4,0
GBP,18,7,Thu,7.14,0
US,115,7,Sun,4,0
EUR,277,7,Sun,4.92,0
GBP,1180,7,Thu,3.57,1
US,1265,7,Fri,4,0
EUR,321,10,Wed,4.92,0
EUR,508,7,Sun,1.23,1
GBP,105,7,Thu,4.44,1
US,2349,7,Mon,3.6,1
EUR,1405,10,Mon,2.45,1
US,8101,3,Sun,0.99,1
EUR,889,3,Fri,1.23,1
US,3385,7,Sat,2.99,1
US,3385,7,Sat,2.99,1
EUR,124,7,Wed,1.23,1
US,2349,7,Tue,0.6,1
US,27132,5,Mon,0.99,1
US,3864,7,Tue,3.99,1
US,2349,7,Tue,3.6,1
US,3613,7,Sun,3.99,1
US,3613,7,Sun,3.99,1
US,25433,7,Mon,3.99,1
US,1266,7,Sun,4,1
US,5721,3,Sat,4.15,0
US,2349,7,Fri,3.6,1
EUR,1179,10,Wed,1.23,1
EUR,657,10,Tue,1.23,1
US,2349,7,Tue,3.6,1
EUR,351,10,Tue,4.9,1
EUR,1634,10,Wed,4.9,1
EUR,519,7,Wed,1.23,1
EUR,657,10,Tue,1.23,1
US,2349,7,Fri,3.6,1
US,3385,7,Sat,3.75,1
US,27132,5,Mon,0.99,1
EUR,1545,10,Mon,2.45,1
EUR,1545,10,Fri,2.45,1
GBP,53,7,Thu,3.55,1
US,3385,7,Sat,2.99,1
EUR,241,7,Sun,1.23,1
US,123,7,Tue,3,1
US,3277,3,Sun,3.5,1
US,2349,7,Mon,0.6,1
US,2349,7,Fri,3.6,1
US,2349,7,Fri,3.6,1
US,2349,7,Mon,3.6,1
GBP,71,7,Thu,3.55,1
EUR,227,7,Sat,2.45,1
EUR,657,10,Tue,4.92,1
US,1155,7,Sun,4.49,0
US,2349,7,Fri,3.6,1
US,2349,7,Fri,3.6,1
US,3277,3,Sun,4.5,0
US,4397,7,Sat,4.5,0
US,4397,7,Sat,4.5,0
US,4397,7,Sat,4.5,0
EUR,335,1,Thu,1.23,1
EUR,5701,10,Wed,1.23,1
EUR,5701,10,Mon,1.23,1
EUR,739,3,Sat,2.45,1
EUR,205,7,Fri,2.45,1
EUR,996,7,Tue,2.45,1
EUR,1545,10,Mon,2.45,1
EUR,1545,10,Mon,2.45,1
EUR,478,7,Sat,2.45,1
GBP,88,7,Thu,1.78,1
US,4390,7,Mon,3.99,1
EUR,415,10,Sat,1.23,1
US,3385,7,Sat,3.75,1
US,2349,7,Tue,3.6,1
US,650,7,Fri,4.5,1
EUR,1179,10,Wed,1.23,1
US,337,7,Sun,3.99,1
EUR,6621,10,Tue,4.9,1
US,9003,7,Fri,3.99,1
US,322,5,Sun,4,1
US,2089,3,Sun,0.99,1
EUR,442,7,Sun,1.23,1
US,2349,7,Tue,3.6,1
EUR,5350,7,Mon,4.9,1
US,2349,7,Fri,3.6,1
US,3385,7,Sat,2.75,1
US,1266,7,Mon,4.89,0
EUR,3375,10,Thu,2.46,0
US,3277,3,Sun,3,1
US,843,10,Sat,4,1
EUR,739,3,Thu,2.45,1
US,1059,5,Sat,4.95,0
US,3385,7,Sat,4.95,0
US,3385,7,Sat,4.95,0
US,3385,7,Sat,4.95,0
US,3385,7,Sat,4.95,0
US,3385,7,Sat,4.95,0
US,4390,7,Fri,4.95,0
US,25433,7,Mon,4.95,0
US,25433,7,Mon,4.95,0
US,2349,7,Fri,3.6,1
US,8100,1,Fri,4.99,0
US,50,3,Sat,4.99,0
US,237,3,Sat,4.99,0
US,4398,5,Sun,4.99,0
US,4398,5,Sun,4.99,0
US,4398,5,Mon,4.99,0
EUR,141,7,Thu,6.14,0
EUR,141,7,Thu,6.14,0
GBP,309,7,Thu,8.91,0
GBP,632,7,Thu,8.91,0
GBP,632,7,Thu,8.91,0
GBP,632,7,Thu,8.91,0
US,945,7,Sun,4.99,0
US,1155,7,Fri,4.99,0
US,1155,7,Fri,4.99,0
US,1155,7,Sun,4.99,0
US,1155,7,Sun,4.99,0
US,1155,7,Mon,4.99,0
US,1375,7,Sat,4.99,0
US,1375,7,Sat,4.99,0
GBP,1390,7,Thu,8.91,0
US,1809,7,Sun,4.99,0
US,3227,7,Sat,4.99,0
US,3227,7,Sun,4.99,0
US,3385,7,Sat,4.99,0
US,3385,7,Sat,4.99,0
US,4390,7,Mon,4.99,0
US,4390,7,Mon,4.99,0
US,4397,7,Fri,4.99,0
US,4397,7,Sat,4.99,0
US,4397,7,Fri,4.99,0
US,4397,7,Sat,4.99,0
US,4398,7,Tue,4.99,0
US,9003,7,Mon,4.99,0
US,9003,7,Mon,4.99,0
US,9003,7,Mon,4.99,0
US,9003,7,Mon,4.99,0
EUR,351,10,Tue,6.14,0
GBP,365,10,Thu,8.91,0
EUR,1017,10,Wed,6.14,0
EUR,1634,10,Mon,6.14,0
EUR,1634,10,Wed,6.14,0
EUR,533,3,Thu,6.15,0
US,3277,3,Sun,5,0
US,3277,3,Sun,5,0
EUR,149,5,Tue,6.15,0
EUR,183,5,Sat,6.15,0
US,326,5,Mon,5,0
US,673,7,Sun,5,0
EUR,1853,7,Fri,6.15,0
EUR,1853,7,Fri,6.15,0
EUR,1853,7,Fri,6.15,0
US,2696,7,Mon,5,0
US,5202,7,Mon,5,0
EUR,5,10,Wed,6.15,0
EUR,18,10,Sun,6.15,1
EUR,183,10,Thu,6.15,0
EUR,294,10,Tue,6.15,0
EUR,756,10,Tue,6.15,0
EUR,765,10,Sat,6.15,0
EUR,765,10,Sat,6.15,0
EUR,1853,10,Tue,6.15,0
US,1266,7,Mon,4.89,1
US,2349,7,Mon,3.6,1
EUR,730,3,Sat,1.23,1
US,27132,5,Mon,0.99,1
US,454,3,Sat,0.99,1
EUR,2403,5,Mon,1.23,1
EUR,996,7,Tue,2.45,1
US,4390,7,Mon,3.99,1
US,9003,7,Mon,4.99,1
US,1054,5,Mon,0.77,1
EUR,2403,5,Mon,1.23,1
US,1004,3,Fri,0.99,1
US,1265,7,Fri,4.85,1
EUR,569,10,Thu,2.45,1
US,2349,7,Tue,3.6,1
EUR,1635,10,Fri,1.23,1
EUR,286,5,Sat,1.23,1
EUR,533,7,Fri,6.15,1
EUR,595,7,Mon,1.23,1
EUR,5701,10,Mon,1.23,1
US,4398,3,Sat,5.25,0
US,4397,7,Fri,5.25,0
US,2168,3,Sat,0.99,1
US,27132,5,Mon,0.99,1
EUR,1310,5,Sun,6.15,1
EUR,1635,10,Wed,1.23,1
EUR,1635,10,Wed,1.23,1
EUR,1,5,Mon,1.23,1
US,3864,7,Mon,2.99,1
US,2349,7,Fri,3.6,1
EUR,1405,10,Mon,2.45,1
US,380,7,Fri,4.5,1
EUR,595,7,Mon,1.23,1
US,8101,3,Sun,0.99,1
US,2349,7,Mon,3.6,1
US,3613,7,Sun,3.99,1
US,8100,1,Fri,4.99,1
GBP,197,7,Thu,5.36,1
GBP,200,7,Thu,8.93,1
US,4390,7,Mon,5.49,0
US,4390,7,Mon,5.49,0
US,3277,3,Sun,3,1
US,3385,7,Sat,4.99,1
EUR,2016,5,Mon,6.09,1
US,4398,5,Sun,5.5,0
EUR,58,7,Sun,6.76,0
US,4390,7,Mon,5.52,0
EUR,110,5,Sun,1.23,1
EUR,595,7,Mon,1.23,1
EUR,1635,10,Wed,1.23,1
EUR,1179,10,Wed,1.23,1
US,2349,7,Sun,3.6,1
US,2349,7,Mon,3.6,1
US,2349,7,Fri,3.6,1
US,8101,3,Sun,0.99,1
US,27132,5,Mon,0.99,1
US,27132,5,Mon,0.99,1
US,2349,7,Tue,3.6,1
GBP,507,7,Thu,1.77,1
EUR,199,7,Sun,2.45,1
US,2349,7,Mon,3.6,1
GBP,197,7,Thu,8.91,1
US,1265,7,Fri,5.7,0
US,1266,7,Mon,5.7,0
EUR,595,7,Mon,1.23,1
EUR,638,10,Wed,1.23,1
US,2349,7,Tue,3.6,1
US,2220,3,Sat,0.99,1
EUR,595,7,Mon,1.23,1
US,25433,3,Sun,5.75,0
US,4398,5,Mon,5.75,0
US,4390,7,Mon,5.75,0
US,2349,7,Mon,3.6,1
GBP,632,7,Thu,8.91,1
EUR,595,10,Sun,1.23,1
US,31,7,Mon,0.99,1
US,2220,3,Sat,0.99,1
US,27132,5,Mon,0.99,1
US,3277,3,Sun,4,1
EUR,58,10,Wed,6.15,1
US,2349,7,Tue,3.6,1
US,3385,7,Sat,2.99,1
US,25433,1,Fri,5.95,0
EUR,1405,10,Mon,2.45,1
EUR,2038,5,Tue,2.45,1
GBP,265,1,Thu,10.69,0
US,76,3,Sun,5.99,0
US,809,3,Sat,5.99,0
US,1215,5,Mon,5.99,0
US,3955,5,Mon,5.99,0
US,4398,5,Sun,5.99,0
US,25433,5,Mon,5.99,0
US,1155,7,Fri,5.99,0
US,1155,7,Fri,5.99,0
US,1155,7,Sat,5.99,0
US,1155,7,Sun,5.99,0
US,1155,7,Sun,5.99,0
US,1155,7,Sun,5.99,0
US,1155,7,Tue,5.99,0
US,2191,7,Mon,5.99,0
US,3227,7,Mon,5.99,0
US,4390,7,Mon,5.99,0
US,4397,7,Fri,5.99,0
US,14479,7,Sun,5.99,0
EUR,1634,10,Mon,7.37,0
US,10067,3,Sat,6,0
EUR,657,10,Tue,7.38,0
EUR,1304,10,Fri,7.38,0
EUR,1304,10,Fri,7.38,0
EUR,1351,5,Sun,1.23,1
EUR,157,7,Fri,2.46,1
US,421,5,Sat,4.99,1
US,2220,3,Sat,0.99,1
US,2349,7,Tue,3.6,1
GBP,955,7,Thu,1.78,1
EUR,637,10,Tue,3.57,0
EUR,595,7,Mon,1.23,1
GBP,21,7,Thu,5.35,1
US,2349,7,Sat,3.6,1
US,2349,7,Tue,3.6,1
EUR,1545,10,Wed,2.45,1
EUR,2168,7,Fri,3.63,0
EUR,4680,7,Tue,3.68,0
EUR,5701,10,Tue,3.68,0
US,3864,7,Mon,5.99,1
US,4390,7,Mon,5.99,1
EUR,106,7,Sun,1.23,1
EUR,2016,5,Fri,3.57,1
US,2220,3,Sat,0.99,1
EUR,1179,7,Sun,1.23,1
EUR,37,5,Mon,1.23,1
EUR,109,5,Tue,1.23,1
US,27132,5,Mon,0.99,1
US,2349,7,Sat,3.6,1
EUR,109,5,Mon,1.23,1
EUR,41,7,Fri,1.23,1
GBP,121,7,Thu,1.77,1
US,1155,7,Fri,6.45,0
EUR,137,10,Sun,1.23,1
US,27132,5,Mon,0.99,1
US,439,3,Fri,6.47,0
US,1405,5,Mon,3.99,1
US,3385,7,Sat,3.99,1
US,4390,7,Mon,6.49,0
US,138,5,Sun,0.99,1
US,686,7,Sat,6.5,0
US,686,7,Sat,6.5,0
US,686,7,Sat,6.5,0
US,686,7,Sat,6.5,0
US,686,7,Sat,6.5,0
US,686,7,Sat,6.5,0
US,686,7,Sat,6.5,0
US,686,7,Sat,6.5,0
US,686,7,Sat,6.5,0
US,686,7,Sat,6.5,0
US,686,7,Sat,6.5,0
US,686,7,Sat,6.5,0
US,686,7,Sat,6.5,0
US,686,7,Sat,6.5,0
US,686,7,Sat,6.5,0
US,686,7,Sat,6.5,0
US,686,7,Sat,6.5,0
US,686,7,Sat,6.5,0
US,686,7,Sat,6.5,0
US,686,7,Sat,6.5,0
US,686,7,Sat,6.5,0
US,686,7,Sat,6.5,0
US,686,7,Sat,6.5,0
US,686,7,Sat,6.5,0
US,686,7,Sat,6.5,0
US,686,7,Sat,6.5,0
US,686,7,Sat,6.5,0
EUR,1197,10,Thu,1.23,1
US,2349,7,Mon,3.6,1
US,2349,7,Sat,3.6,1
EUR,93,10,Tue,1.23,1
EUR,1405,10,Mon,2.45,1
US,1155,7,Sat,6.45,1
US,216,7,Sat,6,1
US,2349,7,Mon,3.6,1
EUR,71,7,Sat,1.23,1
US,686,7,Sat,6.5,1
US,81,7,Sat,3.99,1
EUR,1405,10,Sun,2.45,1
US,1266,7,Tue,6.79,0
US,966,7,Fri,2.99,1
EUR,118,7,Tue,1.23,1
US,2349,7,Mon,3.6,1
US,2349,7,Fri,3.6,1
US,1054,5,Mon,0.77,1
EUR,18,5,Mon,5.53,1
US,2220,3,Sat,0.99,1
EUR,158,3,Thu,8.49,0
US,2349,7,Tue,3.6,1
EUR,5701,10,Mon,3.68,1
US,27132,5,Mon,0.99,1
US,351,3,Fri,6.95,0
US,351,3,Fri,6.95,0
EUR,1139,5,Sun,8.55,0
EUR,91,10,Tue,1.23,1
GBP,34,7,Thu,0.89,1
EUR,1911,10,Tue,3.68,1
US,50,3,Sat,6.99,0
US,1375,5,Sat,6.99,0
US,1840,5,Sun,6.99,0
US,1922,5,Mon,6.99,0
US,2179,5,Sun,6.99,0
US,2179,5,Sun,6.99,0
US,2179,5,Sun,6.99,0
US,2179,5,Sun,6.99,0
US,2179,5,Sun,6.99,1
US,6655,5,Mon,6.99,0
US,1155,7,Fri,6.99,0
US,1155,7,Mon,6.99,0
US,1155,7,Mon,6.99,0
US,2993,7,Tue,6.99,0
US,3227,7,Sun,6.99,0
US,3613,7,Sun,6.99,0
US,3613,7,Sun,6.99,0
US,3613,7,Sun,6.99,0
US,4390,7,Fri,6.99,0
US,4390,7,Fri,6.99,0
US,4390,7,Fri,6.99,0
US,4390,7,Fri,6.99,0
US,4390,7,Mon,6.99,0
US,9003,7,Mon,6.99,0
US,25433,7,Sat,6.99,0
US,4390,7,Mon,5.99,1
US,3277,3,Sun,7,0
US,22501,5,Mon,7,0
EUR,205,7,Sun,8.61,0
EUR,2168,7,Thu,8.61,0
US,2944,7,Tue,7,0
EUR,613,10,Tue,8.61,0
EUR,266,3,Fri,1.23,1
US,3613,7,Sun,3.99,1
EUR,393,10,Sat,2.45,1
EUR,266,3,Thu,1.23,1
US,27132,5,Mon,0.99,1
US,2349,7,Tue,3.6,1
US,1155,7,Sat,6.99,1
US,9003,7,Mon,6.99,1
US,8100,1,Fri,4.99,1
US,3864,7,Tue,4.99,1
US,22501,5,Mon,5,1
EUR,1313,7,Sun,2.45,1
US,2349,7,Fri,3.6,1
EUR,2016,7,Sat,9.16,0
US,2696,7,Mon,5,1
US,2349,7,Fri,3.6,1
US,3613,7,Sun,6.99,1
EUR,1130,10,Fri,4.92,0
EUR,71,10,Sun,1.23,1
US,2046,5,Fri,7.5,0
US,2046,5,Fri,7.5,0
US,2046,5,Fri,7.5,0
US,2046,5,Fri,7.5,0
US,2046,5,Fri,7.5,0
US,2046,5,Fri,7.5,0
US,2046,5,Fri,7.5,0
US,2046,5,Fri,7.5,0
US,2944,7,Tue,7.5,0
EUR,393,10,Sun,2.45,1
US,1129,10,Sun,1,1
EUR,1905,10,Tue,6.15,1
EUR,4153,10,Sat,2.46,1
US,2319,7,Mon,5.99,1
US,2046,5,Fri,7.5,1
EUR,1545,10,Tue,2.45,1
EUR,56,7,Fri,1.23,1
US,2349,7,Tue,3.6,1
US,2349,7,Tue,3.6,1
US,2349,7,Tue,3.6,1
US,2760,10,Sat,0.99,1
US,9003,7,Fri,4.99,1
US,405,5,Sun,6.99,1
US,27132,5,Mon,0.99,1
US,2179,5,Sun,6.99,1
US,212,7,Fri,6.99,1
US,2349,7,Fri,3.6,1
US,351,3,Fri,7.95,0
US,4390,7,Mon,7.95,1
EUR,1365,10,Sun,9.78,0
US,27132,5,Mon,0.99,1
EUR,266,3,Sat,1.23,1
US,50,3,Sat,7.99,0
US,50,3,Sat,7.99,0
US,50,3,Sat,7.99,1
US,1405,3,Sat,7.99,0
US,1215,5,Mon,7.99,0
US,1215,5,Mon,7.99,0
US,1215,5,Mon,7.99,0
US,2132,5,Tue,7.99,0
US,1155,7,Fri,7.99,0
US,1155,7,Sat,7.99,0
US,1155,7,Sat,7.99,0
US,1155,7,Sun,7.99,0
US,1155,7,Sun,7.99,0
US,1155,7,Mon,7.99,0
US,1155,7,Mon,7.99,0
US,1375,7,Sun,7.99,0
GBP,1390,7,Thu,14.26,0
GBP,1390,7,Thu,14.26,0
US,3613,7,Sun,7.99,0
US,3613,7,Sun,7.99,0
US,3613,7,Sun,7.99,0
EUR,205,7,Fri,9.84,0
US,216,7,Sat,8,0
EUR,618,7,Mon,9.84,0
EUR,618,7,Mon,9.84,0
EUR,5701,10,Thu,2.46,0
GBP,88,7,Thu,13.37,1
US,686,7,Sat,6.5,1
EUR,200,7,Sun,5.53,0
US,2349,7,Mon,3.6,1
US,2349,7,Fri,3.6,1
US,27132,5,Mon,0.99,1
EUR,109,7,Wed,1.23,1
EUR,4,10,Sat,1.23,1
EUR,1405,10,Mon,2.45,1
US,2349,7,Sun,3.6,1
EUR,5701,10,Mon,2.46,1
US,4390,7,Mon,8.2,0
US,2046,5,Fri,7.5,1
US,106,3,Fri,1,1
US,1155,7,Mon,7.99,1
US,1155,7,Mon,7.99,1
GBP,632,7,Thu,8.91,1
EUR,479,7,Mon,1.23,1
US,10,5,Mon,1,1
US,2349,7,Mon,3.6,1
US,27132,5,Mon,0.99,1
US,3385,7,Sat,6.99,1
EUR,1581,7,Thu,1.23,1
EUR,1635,10,Wed,1.23,1
US,2046,5,Fri,7.5,1
US,2349,7,Sun,3.6,1
US,10067,3,Fri,8.5,0
US,10067,3,Sat,8.5,0
US,25433,3,Sat,8.5,0
US,1135,10,Sun,0.99,1
EUR,2016,5,Fri,6.02,0
EUR,279,10,Tue,6.02,0
GBP,88,7,Thu,12.48,1
US,22501,5,Mon,7,1
EUR,393,10,Sat,2.45,1
US,2349,7,Fri,3.6,1
EUR,1365,10,Tue,6.09,0
EUR,1365,10,Tue,6.09,0
EUR,1365,10,Tue,6.09,0
EUR,1166,7,Tue,6.14,0
EUR,1166,7,Wed,6.14,0
EUR,1166,7,Tue,6.14,0
EUR,678,5,Mon,6.15,0
EUR,618,7,Mon,6.15,0
EUR,18,10,Sun,6.15,0
EUR,907,10,Wed,6.15,0
US,4390,7,Mon,7.95,1
US,686,7,Sat,6.5,1
US,27132,5,Mon,0.99,1
US,6904,1,Fri,8.87,0
US,9003,7,Fri,7.49,1
US,39,3,Sat,1,1
EUR,1139,5,Sun,11.01,1
EUR,1365,10,Wed,11.01,0
EUR,1405,10,Sun,2.45,1
US,133,5,Sun,8.99,0
US,133,5,Sun,8.99,0
US,1155,7,Fri,8.99,0
US,1155,7,Sun,8.99,0
US,1155,7,Sun,8.99,0
US,1155,7,Sun,8.99,0
US,1155,7,Mon,8.99,0
US,1155,7,Mon,8.99,0
US,1155,7,Mon,8.99,0
US,3385,7,Sat,8.99,0
US,3385,7,Sat,8.99,0
US,3613,7,Sun,8.99,0
US,3613,7,Sun,8.99,0
US,25433,7,Tue,8.99,0
US,37727,7,Sun,8.99,0
EUR,1349,7,Thu,11.07,0
EUR,2168,7,Thu,11.07,0
EUR,5701,10,Mon,11.07,0
EUR,5701,10,Thu,11.07,0
EUR,5701,10,Fri,11.07,0
EUR,5701,10,Fri,11.07,0
EUR,5701,10,Fri,11.07,0
EUR,5701,10,Tue,11.07,0
EUR,5701,10,Sat,11.07,0
EUR,5701,10,Fri,11.07,0
EUR,5701,10,Mon,11.07,0
EUR,5701,10,Mon,11.07,0
EUR,5701,10,Wed,11.07,0
US,2349,7,Tue,3.6,1
US,2349,7,Sat,3.6,1
US,1155,7,Sat,7.99,1
US,181,5,Mon,3.99,1
US,686,7,Sat,6.5,1
EUR,2168,7,Sat,11.06,1
EUR,5701,10,Mon,11.07,1
EUR,5769,10,Sat,11.07,1
US,27132,5,Mon,0.99,1
US,3385,7,Sat,9.42,0
EUR,595,5,Thu,1.23,1
EUR,5701,10,Wed,11.07,1
EUR,5701,10,Thu,11.07,1
EUR,1719,7,Sun,11.07,1
US,22501,5,Mon,9.5,0
US,22501,5,Mon,9.5,0
US,686,7,Sat,9.5,0
US,686,7,Sat,9.5,0
US,686,7,Sat,9.5,0
US,686,7,Sat,9.5,0
US,686,7,Sat,9.5,1
EUR,384,7,Sat,1.23,1
US,1375,7,Sat,7.99,1
US,12,7,Mon,5,1
US,841,7,Sun,6.99,1
EUR,524,5,Mon,1.23,1
US,2349,7,Tue,3.6,1
US,2349,7,Tue,3.6,1
EUR,2507,10,Fri,8.6,1
EUR,157,7,Fri,11.07,1
EUR,2168,7,Thu,4.86,0
EUR,2168,7,Wed,4.86,0
EUR,2168,7,Fri,6.09,1
EUR,1130,7,Tue,7.38,0
EUR,3375,10,Wed,7.38,0
US,121,3,Sun,0.5,1
EUR,2168,7,Sun,6.09,1
EUR,4153,10,Sat,3.69,0
US,351,3,Fri,9.95,0
US,2286,7,Mon,9.95,0
US,2286,7,Mon,9.95,0
US,2286,7,Mon,9.95,0
US,5180,7,Fri,9.95,0
US,5564,7,Mon,9.95,0
US,25433,7,Sat,9.95,0
US,25433,7,Sat,9.95,0
EUR,1365,10,Sun,12.24,0
EUR,1365,10,Tue,12.24,0
EUR,1365,10,Wed,12.24,0
EUR,1365,10,Wed,12.24,0
EUR,1365,10,Wed,12.24,0
EUR,1365,10,Thu,12.24,0
EUR,1365,10,Thu,12.24,0
EUR,1365,10,Thu,12.24,0
EUR,1365,10,Thu,12.24,0
EUR,1365,10,Thu,12.24,0
EUR,537,10,Thu,10.95,1
US,18,3,Sat,9.99,0
US,626,3,Sun,9.99,0
US,2169,3,Sun,9.99,0
US,2169,3,Sun,9.99,0
US,5017,3,Sat,9.99,1
US,30594,3,Sun,9.99,0
US,133,5,Sun,9.99,0
EUR,942,5,Sun,12.29,0
US,957,5,Tue,9.99,0
US,1127,5,Mon,9.99,0
US,1265,5,Mon,9.99,0
US,1405,5,Mon,9.99,0
EUR,65,7,Thu,12.29,0
US,216,7,Sat,9.99,0
US,541,7,Sun,9.99,0
US,688,7,Sat,9.99,0
US,814,7,Mon,9.99,0
US,814,7,Mon,9.99,0
US,814,7,Mon,9.99,0
US,985,7,Sun,9.99,0
US,1256,7,Sun,9.99,0
US,1256,7,Sun,9.99,0
US,1375,7,Sat,9.99,0
US,1375,7,Sat,9.99,0
US,1375,7,Sat,9.99,1
US,2993,7,Tue,9.99,0
GBP,3380,7,Thu,17.83,0
US,3385,7,Sat,9.99,0
US,3385,7,Sat,9.99,0
US,3385,7,Sat,9.99,1
US,3613,7,Sun,9.99,0
US,4390,7,Fri,9.99,0
EUR,4680,7,Tue,12.29,0
US,5450,7,Fri,9.99,0
US,5450,7,Sat,9.99,0
US,5450,7,Sat,9.99,0
US,9003,7,Mon,9.99,0
US,9003,7,Mon,9.99,0
US,9003,7,Fri,9.99,0
US,37727,7,Sun,9.99,0
EUR,83,10,Sun,12.29,0
EUR,83,10,Sun,12.29,0
US,1124,10,Mon,9.99,0
EUR,163,10,Sun,1.23,1
EUR,1853,7,Fri,12.3,0
EUR,3375,10,Thu,12.3,0
EUR,163,7,Thu,1.23,1
EUR,19,10,Sat,1.23,1
US,20,5,Mon,0.99,1
EUR,27,10,Sun,1.23,1
US,2349,7,Sat,3.6,1
EUR,1139,3,Fri,12.24,1
US,1647,5,Mon,9.95,1
US,27132,5,Mon,0.99,1
US,5017,3,Sat,9.99,1
US,5450,7,Sat,9.99,1
US,5450,7,Sun,9.99,1
US,8101,3,Sun,9.99,1
US,985,7,Sun,9.99,1
EUR,533,7,Fri,6.15,1
US,541,7,Sun,9.99,1
GBP,18,7,Thu,10.71,1
US,27132,5,Mon,0.99,1
EUR,1365,10,Thu,6.09,1
US,27132,5,Mon,0.99,1
US,1155,7,Sun,8.99,1
EUR,182,10,Sun,12.28,1
US,3385,7,Sat,8.99,1
US,27132,5,Mon,0.99,1
US,2220,3,Sat,0.99,1
US,2349,7,Mon,3.6,1
US,4390,7,Mon,9.99,1
US,9003,7,Fri,9.99,1
EUR,595,5,Mon,1.23,1
EUR,595,5,Mon,1.23,1
US,27132,5,Mon,0.99,1
US,3385,7,Sat,8.99,1
US,18,3,Sat,4,1
US,27132,5,Mon,0.99,1
EUR,2168,7,Sun,13.47,0
US,5257,3,Fri,10.99,0
US,5257,3,Fri,10.99,0
US,5257,3,Sat,10.99,0
US,2191,5,Sun,10.99,0
US,4397,7,Fri,10.99,0
US,22501,5,Mon,11,0
US,27132,5,Mon,0.99,1
US,27132,5,Mon,0.99,1
US,2349,10,Mon,3.6,1
EUR,164,7,Tue,6.03,0
EUR,1329,10,Wed,6.03,0
US,27132,5,Mon,0.99,1
US,3227,7,Mon,9.99,1
EUR,2168,7,Sat,8.61,1
EUR,157,7,Fri,11.07,1
US,1155,7,Mon,7.99,1
US,405,5,Sun,9.99,1
US,1375,7,Sat,9.99,1
GBP,404,5,Thu,17.83,1
US,27132,5,Mon,0.99,1
US,27132,5,Mon,0.99,1
US,166,5,Sun,6,1
US,1375,7,Sat,9.99,1
US,18,3,Sat,9.99,1
US,584,5,Sat,5,1
US,4556,5,Sat,5,1
EUR,305,10,Sun,1.23,1
US,22501,5,Mon,10,1
US,25433,7,Sat,11.5,0
US,27132,5,Mon,0.99,1
US,27132,5,Mon,0.99,1
US,22501,5,Mon,9.5,1
US,1647,5,Mon,9.95,1
US,541,7,Sun,8.99,1
US,27132,5,Mon,0.99,1
US,27132,5,Mon,0.99,1
US,352,3,Sat,11.95,0
US,3385,7,Sat,11.95,0
EUR,5701,10,Mon,11.07,1
US,814,3,Fri,11.99,0
US,2168,3,Sat,11.99,0
US,3385,7,Sat,11.99,0
US,3385,7,Sat,11.99,0
US,3385,7,Sat,11.99,0
US,3385,7,Sat,11.99,0
US,3385,7,Sat,11.99,0
US,10067,3,Fri,12,0
US,10067,3,Fri,12,0
EUR,392,7,Sun,9.84,0
GBP,593,7,Thu,21.42,0
EUR,3375,7,Sun,9.84,0
EUR,846,10,Wed,9.84,0
US,27132,5,Mon,0.99,1
US,686,7,Sat,6.5,1
US,2349,7,Fri,3.6,1
EUR,2168,7,Tue,11.07,1
US,841,5,Mon,4.99,1
US,27132,5,Mon,0.99,1
US,5564,7,Fri,12.25,0
US,27132,5,Mon,0.99,1
EUR,844,10,Fri,1.23,1
EUR,50,5,Fri,1.23,1
EUR,846,10,Wed,9.84,1
US,27132,5,Mon,0.99,1
US,523,7,Fri,9.99,1
US,1375,7,Sat,9.99,1
US,1375,7,Sat,9.99,1
US,3385,7,Sat,9.99,1
US,3385,7,Sat,11.99,1
EUR,479,7,Mon,1.23,1
US,10067,3,Sat,12.5,0
US,3385,7,Sat,11.99,1
EUR,709,10,Fri,6.14,1
EUR,10,10,Sat,1.23,1
US,22501,5,Mon,12.5,1
EUR,100,10,Fri,9.84,1
EUR,100,10,Fri,9.84,1
US,541,7,Sun,9.99,1
US,131,10,Fri,9.99,1
US,5812,5,Tue,12.92,0
EUR,6,3,Thu,1.23,1
EUR,825,5,Mon,1.23,1
EUR,370,7,Thu,6.14,1
US,2220,3,Sat,0.99,1
US,5257,3,Sat,12.99,0
US,10067,3,Sat,12.99,0
US,983,5,Mon,12.99,0
EUR,3090,10,Tue,11.05,0
EUR,730,5,Tue,11.07,0
EUR,1166,7,Wed,11.07,0
EUR,5701,10,Sun,11.07,0
EUR,5701,10,Mon,11.07,0
EUR,5701,10,Mon,11.07,0
US,56,7,Mon,0.99,1
EUR,2168,7,Sun,11.01,1
US,206,5,Sun,9.95,1
US,576,7,Sun,9.99,1
US,1155,7,Fri,12.99,1
EUR,5701,10,Thu,11.07,1
US,686,7,Sat,6.5,1
US,387,7,Sat,5,1
US,1647,5,Mon,9.95,1
US,3277,3,Sun,7,1
US,22501,5,Mon,13,1
US,123,7,Tue,5,1
US,988,7,Mon,6.75,1
US,1647,5,Mon,9.95,1
GBP,36,7,Thu,1.77,1
US,59,3,Sat,9.99,1
EUR,1719,1,Sat,11.93,0
US,5271,5,Fri,13.95,0
US,3613,7,Sun,9.99,1
US,9003,7,Mon,7.49,1
US,1647,5,Mon,9.95,1
US,1265,5,Sat,13.99,0
EUR,2168,7,Mon,11,1
EUR,678,7,Wed,5.46,0
EUR,2168,3,Thu,12.23,0
EUR,2168,5,Mon,12.23,0
EUR,1122,10,Sat,12.23,0
US,3385,7,Sat,11.99,1
US,362,5,Mon,1,1
EUR,1661,7,Wed,12.28,0
EUR,69,7,Mon,1.23,1
US,27132,5,Mon,0.99,1
US,2349,7,Mon,3.6,1
EUR,2016,5,Sat,6.15,1
US,1192,7,Mon,1,1
US,359,7,Tue,9.99,1
US,1647,5,Mon,9.95,1
US,133,5,Mon,8.99,1
US,1602,7,Mon,9.99,1
EUR,5701,10,Tue,12.28,1
US,27132,5,Mon,0.99,1
US,1215,5,Mon,7.99,1
US,3613,7,Sun,12.99,1
US,27132,5,Mon,0.99,1
US,27132,5,Mon,0.99,1
US,985,7,Sun,9.99,1
EUR,5701,5,Fri,7.38,0
EUR,5701,10,Sun,7.38,0
US,60,5,Sat,9.99,1
EUR,30,3,Sun,1.23,1
US,302,7,Sun,2.85,1
US,5811,3,Sat,14.92,0
US,534,7,Sun,14.95,0
US,534,7,Sun,14.95,0
US,534,7,Sun,14.95,0
US,534,7,Sun,14.95,0
US,25433,7,Fri,14.95,0
US,25433,7,Fri,14.95,0
US,25433,7,Fri,14.95,0
US,25433,7,Fri,14.95,0
US,25433,7,Fri,14.95,0
US,25433,7,Fri,14.95,0
US,25433,7,Fri,14.95,0
US,25433,7,Fri,14.95,0
US,25433,7,Fri,14.95,0
US,25433,7,Fri,14.95,0
US,25433,7,Fri,14.95,0
US,25433,7,Fri,14.95,0
US,5257,3,Fri,14.99,0
US,5257,3,Fri,14.99,0
US,5257,3,Sat,14.99,0
US,790,5,Mon,14.99,0
US,1215,5,Tue,14.99,0
US,534,7,Sun,14.99,0
US,2993,7,Fri,14.99,0
US,3306,7,Sun,14.99,0
US,3613,7,Sun,14.99,0
US,4457,3,Fri,15,0
US,10067,3,Sat,15,0
US,22501,5,Mon,15,0
US,27132,5,Mon,0.99,1
EUR,5052,10,Wed,11.07,1
EUR,2168,7,Fri,11.01,1
US,3896,1,Fri,1,1
US,366,7,Sat,0.99,1
US,25433,7,Fri,14.95,1
US,25433,7,Fri,14.95,1
US,2168,3,Sat,14.99,1
US,5257,3,Sat,14.99,1
US,22501,5,Mon,15,1
US,2349,7,Tue,3.6,1
US,336,7,Mon,2,1
US,22501,5,Mon,15,1
US,1375,7,Sat,9.99,1
GBP,201,7,Thu,16.05,1
US,5812,5,Tue,15.92,0
US,534,7,Sun,14.95,1
EUR,278,7,Sat,12.29,1
US,957,5,Tue,15.99,0
US,22501,5,Mon,16,0
US,22501,5,Mon,16,0
US,1574,7,Mon,9.95,1
US,67,5,Sun,9.99,1
US,985,7,Sun,9.99,1
US,1540,7,Sun,9.99,1
US,2993,7,Tue,9.99,1
US,28,7,Fri,10,1
US,109,5,Mon,11.99,1
EUR,5701,3,Thu,11.07,0
EUR,5701,10,Tue,11.07,0
EUR,5701,10,Sat,11.07,0
US,534,7,Sun,14.95,1
US,534,7,Sun,14.95,1
US,24,3,Sat,0.99,1
US,2993,7,Fri,14.99,1
US,22501,5,Mon,16,1
US,27132,5,Mon,0.99,1
US,27132,5,Mon,0.99,1
US,10067,3,Fri,16.5,0
EUR,4641,10,Thu,6.14,0
US,134,1,Fri,0.99,1
US,112,7,Sun,9.99,1
US,3613,7,Sun,8.99,1
US,5257,3,Fri,16.99,0
US,5257,3,Fri,16.99,0
US,534,7,Sun,14.95,1
US,27132,5,Mon,0.99,1
EUR,164,7,Tue,12.17,0
EUR,164,7,Tue,12.17,0
EUR,164,7,Wed,12.17,0
EUR,164,7,Tue,12.17,0
EUR,2168,7,Tue,11.07,1
US,27132,5,Mon,0.99,1
US,3277,3,Sun,9,1
US,24,3,Sun,0.99,1
US,2262,7,Sun,4.95,1
US,110,1,Fri,9.99,1
EUR,442,10,Wed,1.23,1
US,148,7,Mon,5.99,1
US,2993,7,Fri,14.99,1
US,2046,7,Fri,17.95,0
US,2046,7,Fri,17.95,0
US,2046,7,Fri,17.95,0
US,2046,7,Fri,17.95,0
US,1647,5,Mon,9.95,1
US,2433,3,Fri,18,0
US,10067,3,Sat,18,0
US,22501,5,Mon,16,1
US,22501,5,Mon,16,1
US,985,7,Sun,9.99,1
US,10067,3,Sat,18,1
US,1266,5,Sun,18.25,0
US,985,7,Sun,9.99,1
US,634,1,Fri,18.49,0
US,25433,7,Sun,18.5,0
US,25433,7,Sun,18.5,0
US,678,10,Sun,8.5,1
GBP,22,7,Thu,17.83,1
EUR,164,5,Mon,12.18,1
EUR,164,7,Tue,12.18,1
EUR,164,7,Tue,12.18,1
EUR,5701,10,Fri,11.07,1
US,1647,5,Mon,9.95,1
US,1848,7,Sun,9.99,1
US,4398,1,Fri,18.99,0
US,837,3,Sun,18.99,0
US,10067,3,Fri,18.99,0
US,4398,5,Mon,18.99,0
US,4398,5,Mon,18.99,0
US,1364,7,Mon,18.99,0
EUR,37,3,Sat,11.07,1
US,10067,3,Fri,19,1
US,387,7,Sat,5,1
US,10067,3,Sat,19.5,0
EUR,316,10,Wed,9.84,0
EUR,164,5,Mon,12.18,0
EUR,164,7,Wed,12.18,0
EUR,164,7,Wed,12.18,1
US,11576,3,Fri,19.95,0
US,2046,5,Fri,19.95,0
US,2046,5,Sat,19.95,0
US,4028,5,Mon,19.95,0
US,534,7,Sun,19.95,0
US,2046,7,Mon,19.95,0
US,2046,7,Mon,19.95,0
US,2046,7,Mon,19.95,0
US,790,5,Mon,19.99,0
US,957,5,Tue,19.99,0
US,1051,5,Sun,19.99,0
US,1220,5,Mon,19.99,0
US,2993,7,Fri,19.99,0
US,4390,7,Mon,19.99,0
US,664,3,Sat,20,0
EUR,730,5,Tue,24.6,0
US,22501,5,Mon,20,0
US,22501,5,Mon,20,0
EUR,127,5,Sun,1.23,1
US,801,3,Sat,14.99,1
US,2993,7,Fri,14.99,1
EUR,306,7,Wed,1.23,1
US,133,5,Mon,8.99,1
US,22501,5,Mon,20,1
US,22501,5,Mon,20,1
US,22501,5,Mon,20,1
EUR,627,10,Tue,11.07,1
US,434,7,Sun,9.99,1
US,542,7,Tue,14.99,1
US,756,3,Sun,20.5,0
US,2358,5,Mon,9.99,1
US,3385,7,Sat,9.99,1
GBP,277,7,Thu,17.85,1
US,5271,7,Sat,20.95,0
US,10067,3,Fri,21,0
US,10067,3,Fri,21,0
US,10067,3,Fri,21,0
US,10067,3,Fri,21,0
US,10067,3,Sat,21,0
US,10067,3,Sat,21,0
US,22501,5,Mon,20,1
EUR,164,5,Mon,12.17,1
EUR,164,7,Tue,12.17,1
US,3385,7,Sat,11.99,1
US,3162,5,Mon,1,1
US,501,7,Mon,9,1
US,4283,5,Mon,19.99,1
US,534,7,Sun,19.95,1
US,22501,5,Mon,18,1
US,83,5,Mon,9.99,1
US,4397,7,Sat,21.99,0
US,816,3,Sat,22,0
EUR,164,5,Mon,12.18,1
US,2433,3,Fri,22,1
US,2046,5,Sat,19.95,1
EUR,164,7,Tue,12.18,1
US,8101,3,Sun,9.99,1
US,6586,3,Sat,19.99,1
US,1820,10,Sun,9.99,1
US,1809,7,Sun,19.99,1
US,5257,3,Sat,16.95,1
EUR,127,5,Sat,1.23,1
US,572,7,Mon,22.95,0
US,572,7,Tue,22.95,0
EUR,1405,7,Thu,11.07,0
EUR,1405,7,Thu,11.07,0
US,534,7,Sun,14.95,1
US,10067,3,Fri,23,1
EUR,58,10,Wed,24.6,1
EUR,205,7,Fri,24.6,1
US,1304,7,Sun,23.5,0
US,25433,7,Mon,23.5,0
US,534,7,Sun,19.99,1
EUR,164,7,Tue,12.17,1
EUR,164,5,Mon,12.17,0
EUR,32,7,Mon,1.23,1
US,1620,10,Mon,9.95,1
EUR,164,5,Mon,12.17,1
US,354,5,Sun,0.99,1
US,280,3,Sat,24.77,0
GBP,1029,7,Thu,8.91,1
US,790,5,Mon,19.99,1
US,351,3,Fri,24.95,0
US,10067,3,Fri,24.95,0
US,11576,5,Tue,24.95,0
US,3385,7,Sat,24.95,0
US,1779,1,Fri,24.99,0
US,4398,3,Sun,24.99,0
US,1163,7,Tue,24.99,0
US,2944,7,Tue,24.99,1
US,3004,7,Sun,24.99,0
US,9747,5,Tue,25,0
US,5939,10,Mon,25,0
EUR,164,5,Mon,12.17,1
US,62,5,Mon,9.99,1
US,359,7,Mon,9.99,1
US,534,7,Sun,19.99,1
EUR,45,5,Mon,1.23,1
US,88,5,Mon,9.99,1
EUR,536,10,Tue,11.07,0
US,8,5,Sun,15,1
US,148,7,Mon,5.99,1
US,1155,7,Sun,26.99,0
US,4390,7,Fri,27,0
US,5564,7,Fri,27,0
US,985,7,Sun,9.99,1
US,5257,3,Sat,27.95,0
US,17,7,Sun,9.99,1
EUR,164,7,Tue,12.17,0
US,704,7,Mon,24.99,1
US,534,7,Sun,19.95,1
US,112,5,Mon,28.99,0
US,816,5,Mon,29,0
US,1100,3,Sun,9.99,1
US,2358,5,Mon,9.99,1
US,3325,3,Sat,9.99,1
US,957,3,Sat,9.99,1
US,534,7,Sun,29.95,0
US,572,7,Tue,29.95,0
US,3385,7,Sat,29.95,0
US,3385,7,Sat,29.95,0
US,841,3,Sat,29.99,0
US,534,7,Sun,29.99,0
GBP,1147,7,Thu,53.52,0
US,1155,7,Sun,29.99,0
US,1256,7,Mon,29.99,0
US,5564,7,Sat,29.99,0
EUR,7,3,Sat,36.89,0
US,2218,3,Sun,30,0
US,572,5,Mon,30,0
US,33,7,Fri,10,1
EUR,164,7,Tue,12.17,1
US,6787,7,Sun,16.99,1
US,1364,5,Sun,30.95,0
US,361,1,Fri,31,0
US,933,1,Fri,19.99,1
GBP,277,7,Thu,17.85,1
US,5271,7,Sun,31.95,0
US,4457,7,Mon,32,0
US,534,7,Sun,29.95,1
US,29,5,Mon,24.99,1
US,22501,5,Mon,30,1
US,352,5,Sun,32.95,0
US,4390,7,Mon,32.95,0
US,2358,5,Mon,9.99,1
US,2304,7,Mon,31,1
US,2427,3,Sat,33.95,0
US,2427,3,Sun,33.95,0
US,2427,3,Sun,33.95,0
US,320,3,Sat,9.99,1
US,320,3,Sat,9.99,1
US,671,5,Sun,34.95,0
US,25433,5,Sun,34.95,0
US,1405,3,Sat,34.99,0
US,3004,7,Sun,34.99,0
US,3004,7,Sun,34.99,0
US,3004,7,Sun,34.99,0
US,3004,7,Sun,34.99,0
US,4457,7,Tue,35,0
US,320,3,Sat,9.99,1
US,180,7,Sat,24.95,1
US,62,5,Mon,9.99,1
US,3004,7,Sun,34.99,1
US,1364,7,Tue,35.99,0
US,5564,5,Mon,36,0
US,1222,5,Mon,30,1
US,2427,3,Sun,33.95,1
US,5564,5,Mon,37,0
US,3004,7,Sun,34.99,1
US,10067,3,Fri,37.95,0
US,29,7,Sat,9.99,1
US,2944,7,Tue,24.99,1
US,29,1,Fri,5,1
US,2427,3,Sun,38.99,0
US,2427,3,Sun,38.99,0
US,2427,3,Sun,38.99,0
US,5,5,Sun,19.99,1
US,3004,7,Sun,34.99,1
US,10067,3,Sat,39.5,0
US,715,5,Tue,39.5,0
US,671,5,Sun,39.95,0
US,671,5,Sun,39.95,0
US,1663,3,Sat,39.99,0
US,22501,5,Mon,40,1
US,320,3,Sat,9.99,1
US,696,7,Sun,9.99,1
US,507,7,Sun,9.99,1
US,1,7,Fri,25,1
US,534,7,Sun,34.95,1
US,2358,5,Mon,9.99,1
US,4390,7,Mon,41.49,0
US,1364,7,Tue,42,0
US,1162,5,Mon,9.99,1
US,475,7,Tue,25,1
US,3004,7,Sun,34.99,1
US,648,5,Mon,39,1
US,10067,3,Fri,43.5,0
US,10067,3,Fri,43.5,0
US,534,7,Sun,29.95,1
US,1,5,Sat,9.99,1
US,671,5,Sun,44.95,0
US,671,5,Sun,44.95,0
US,1135,3,Sun,9.99,1
US,3004,7,Sun,44.99,0
US,2358,5,Mon,9.99,1
US,671,5,Sun,47.5,0
US,671,5,Sun,47.5,0
US,8,7,Sat,25,1
US,2992,3,Fri,49.95,0
US,352,5,Sun,49.95,0
US,3385,7,Sat,49.95,0
US,3385,7,Sat,49.95,0
US,10067,3,Fri,49.99,0
US,534,7,Sun,49.99,0
US,3004,7,Sun,49.99,0
US,552,3,Sun,50,1
US,2191,7,Tue,50,1
US,3004,7,Sun,39.99,1
US,1560,7,Tue,9.99,1
US,1,7,Fri,50,1
US,5564,5,Sat,52,0
US,671,5,Sun,44.95,1
US,2191,7,Mon,50,1
US,2944,7,Tue,49.99,1
US,1,7,Fri,35,1
US,985,7,Sun,9.99,1
US,27132,5,Mon,49,1
US,671,5,Sun,44.95,1
US,1321,3,Sat,19.99,1
US,1948,7,Fri,19.95,1
US,812,7,Sun,49.99,1
US,10067,3,Sat,57,0
US,5564,7,Sat,59,0
US,2992,3,Fri,59.95,0
US,133,7,Sat,35,1
US,3004,7,Sun,59.99,1
US,6945,7,Mon,9.99,1
US,3004,7,Sun,59.99,1
US,1364,5,Sun,65.95,0
US,3246,3,Sat,67.95,0
EUR,668,10,Tue,43.04,1
US,2992,5,Sun,65,1
US,8,5,Tue,69.99,1
US,52,7,Mon,9.99,1
US,5564,5,Mon,73,0
US,320,3,Sun,9.99,1
EUR,6,7,Mon,30.74,0
US,1364,7,Mon,76.5,0
US,2992,3,Fri,79,1
US,3385,7,Sat,79.95,0
US,2358,5,Mon,79.99,0
US,993,7,Sat,79.99,0
US,993,7,Sat,79.99,1
US,993,7,Sat,79.99,1
US,2992,5,Sun,82.95,0
US,1364,5,Sun,83.95,0
US,2992,5,Sun,82.95,1
US,1364,5,Sun,85,0
US,146,7,Tue,85,0
US,534,7,Sun,69.99,1
US,2992,5,Sun,82.95,1
US,1364,7,Tue,89,0
US,590,10,Fri,9.95,1
US,146,3,Fri,89.95,0
US,2992,3,Fri,89.95,0
US,2992,3,Fri,89.95,0
US,2992,3,Fri,89.95,0
US,2992,3,Fri,89.95,0
US,2992,3,Fri,89.95,0
US,146,5,Mon,89.95,0
US,1364,5,Sun,89.95,0
US,1364,7,Tue,90,0
US,10,5,Tue,50,1
US,2992,3,Fri,89.95,1
US,2992,3,Fri,95,0
US,146,5,Mon,95,0
US,156,7,Fri,50,1
US,14,5,Sat,9.99,1
EUR,7,3,Sat,67.63,1
US,2992,3,Fri,99.95,0
US,2992,3,Fri,99.95,0
US,993,7,Sat,99.99,0
US,993,7,Sat,99.99,0
US,993,7,Sat,99.99,0
US,993,7,Sat,99.99,0
US,993,7,Sat,99.99,0
US,1131,10,Sun,100,0
US,301,7,Sat,93.63,1
US,1364,5,Sun,108,0
US,534,7,Sun,79.99,1
GBP,378,7,Thu,169.55,1
US,146,5,Sun,115,0
US,1364,7,Tue,117,0
EUR,668,7,Fri,67.64,0
US,2992,3,Fri,119,1
US,251,1,Fri,99.99,1
US,2992,3,Fri,119,1
US,33,7,Fri,90,1
US,1364,7,Tue,128,0
US,1364,7,Tue,128,0
US,48,3,Fri,100,1
US,1364,7,Mon,132,1
US,1364,7,Tue,134,0
US,5564,5,Sat,135,0
US,325,10,Sun,50,1
EUR,13,10,Wed,122.98,1
EUR,13,7,Sun,122.97,1
US,993,7,Sat,159.99,0
US,2992,3,Fri,169,0
US,5564,3,Sat,175,0
US,67,7,Sun,150,1
US,71,7,Sat,50,1
US,5564,5,Sun,192,0
US,993,7,Mon,199.99,0
US,2358,5,Mon,199.99,1
US,155,7,Mon,99.99,1
US,2992,5,Sun,199,1
US,862,5,Sat,219,0
US,374,7,Mon,100,1
US,0,10,Sun,99,1
EUR,4,10,Sun,122.97,1
US,1,7,Fri,200,1
US,97,3,Fri,290,0
US,142,7,Sat,200,1
US,2992,5,Sun,359.95,0
US,21,5,Sat,300,1
US,1400,5,Mon,549,0
US,57,7,Fri,650,1
US,145,7,Sat,999,0
